<?xml version="1.0" encoding="UTF-8"?>
<!-- hibernate.cfg.xml -->
<!DOCTYPE hibernate-configuration PUBLIC "-//Hibernate/Hibernate Configuration DTD 3.0//EN"
        "http://hibernate.sourceforge.net/hibernate-configuration-3.0.dtd">
<hibernate-configuration>
    <session-factory>
        <property name="hibernate.dialect">org.hibernate.dialect.MySQLDialect</property>
        <property name="hibernate.connection.driver_class">com.mysql.cj.jdbc.Driver</property>
        <property name="hibernate.connection.url">jdbc:mysql://localhost:3306/your_database_name</property>
        <property name="hibernate.connection.username">BHARGAV2</property>
        <property name="hibernate.connection.password">Bhargav666@</property>
        <property name="hibernate.show_sql">true</property>
        <property name="hibernate.hbm2ddl.auto">update</property>
        <property name="hibernate.current_session_context_class">thread</property>
        <mapping class="Eproduct"/>
    </session-factory>
</hibernate-configuration>
